{
  "frames": {
    "Symbol 2 copy instance 10000": {
      "frame": {
        "x": 0,
        "y": 0,
        "w": 67,
        "h": 92
      }
    },
    "Symbol 2 copy instance 10001": {
      "frame": {
        "x": 67,
        "y": 0,
        "w": 66,
        "h": 93
      }
    },
    "Symbol 2 copy instance 10002": {
      "frame": {
        "x": 133,
        "y": 0,
        "w": 66,
        "h": 91
      }
    },
    "Symbol 2 copy instance 10003": {
      "frame": {
        "x": 0,
        "y": 93,
        "w": 67,
        "h": 91
      }
    },
    "Symbol 2 copy instance 10004": {
      "frame": {
        "x": 67,
        "y": 93,
        "w": 66,
        "h": 91
      }
    },
    "Symbol 2 copy instance 10005": {
      "frame": {
        "x": 133,
        "y": 93,
        "w": 69,
        "h": 90
      }
    },
    "Symbol 2 copy instance 10006": {
      "frame": {
        "x": 0,
        "y": 184,
        "w": 69,
        "h": 91
      }
    },
    "Symbol 2 copy instance 10007": {
      "frame": {
        "x": 69,
        "y": 184,
        "w": 69,
        "h": 92
      }
    },
    "Symbol 2 copy instance 10008": {
      "frame": {
        "x": 138,
        "y": 184,
        "w": 68,
        "h": 92
      }
    },
    "Symbol 2 copy instance 10009": {
      "frame": {
        "x": 0,
        "y": 276,
        "w": 69,
        "h": 93
      }
    },
    "Symbol 2 copy instance 10010": {
      "frame": {
        "x": 69,
        "y": 276,
        "w": 67,
        "h": 92
      }
    }
  },
  "meta": {
    "image": "p2_walk.png"
  }
}