{
  "frames": {
    "Symbol 2 copy 2 instance 10000": {
      "frame": {
        "x": 0,
        "y": 0,
        "w": 66,
        "h": 92
      }
    },
    "Symbol 2 copy 2 instance 10001": {
      "frame": {
        "x": 66,
        "y": 0,
        "w": 66,
        "h": 93
      }
    },
    "Symbol 2 copy 2 instance 10002": {
      "frame": {
        "x": 132,
        "y": 0,
        "w": 66,
        "h": 93
      }
    },
    "Symbol 2 copy 2 instance 10003": {
      "frame": {
        "x": 0,
        "y": 93,
        "w": 66,
        "h": 93
      }
    },
    "Symbol 2 copy 2 instance 10004": {
      "frame": {
        "x": 66,
        "y": 93,
        "w": 66,
        "h": 93
      }
    },
    "Symbol 2 copy 2 instance 10005": {
      "frame": {
        "x": 132,
        "y": 93,
        "w": 71,
        "h": 92
      }
    },
    "Symbol 2 copy 2 instance 10006": {
      "frame": {
        "x": 0,
        "y": 186,
        "w": 71,
        "h": 93
      }
    },
    "Symbol 2 copy 2 instance 10007": {
      "frame": {
        "x": 71,
        "y": 186,
        "w": 71,
        "h": 93
      }
    },
    "Symbol 2 copy 2 instance 10008": {
      "frame": {
        "x": 142,
        "y": 186,
        "w": 70,
        "h": 92
      }
    },
    "Symbol 2 copy 2 instance 10009": {
      "frame": {
        "x": 0,
        "y": 279,
        "w": 71,
        "h": 93
      }
    },
    "Symbol 2 copy 2 instance 10010": {
      "frame": {
        "x": 71,
        "y": 279,
        "w": 66,
        "h": 92
      }
    }
  },
  "meta": {
    "image": "p3_walk.png"
  }
}